;previous_sentence;question
0;"
là ils ont fait l'inverse alors l'autre il était meilleur que
que Raynaud euh
parce que vraiment il avait de beaux numéros l'autre hein fallait le faire hein ?



tout point de vue hein
on aimait bien hein

"; demain ?
1;"
là ils ont fait l'inverse alors l'autre il était meilleur que
que Raynaud euh
parce que vraiment il avait de beaux numéros l'autre hein fallait le faire hein ?



tout point de vue hein
on aimait bien hein

";dis tu tu viens demain avec papa ?
2;"
hm
";hein ?
3;"
euh à midi

";hein ?
4;"
hein ?
";et puis avec maman ?
5;"
elle aura les gars

hein
et puis avec maman ?
ouais
tu es
oui ah non pas 


 ça va drôlement vous secouer là hein
devant le foot-
vous avez intérêt à mettre une bande 


";c'est vrai ?
6;"


ça

ça dégringole hein
";c'est quoi ton camion ?
7;"
ouais
bah c'est au poil ça
";elle est si longue que ça ?
8;"


";elle est si longe que ça ?
9;"
seulement décide-toi parce que si tu viens pas on 

";elle est bien suspendue ?
10;"
seulement décide-toi parce que si tu viens pas on 

";et elle est bien suspendue ?
11;"
elle est bien suspendue ?
et elle est bien suspendue ?
";de quoi la cabine ?
12;"
de quoi la cabine ?

";enfin euh elle est bien suspendue ?
13;"
de quoi la cabine ?

";hein ?
14;"


et et c'est pour ça des fois chez nous 
 il dit moi il dit bah chez NPERS 

"; vous savez non ?
15;"


";ça y est ?
16;"
ah là là un petit coup
un petit coup
c'est doux
c'est doux
";c'est vrai c'est doux ?
17;"
c'est doux
c'est doux
c'est doux
";la saucisse aussi ?
18;"
j'aime le jambon
";et vous ?
19;"
madame 

c'est doux
"; ?
20;"

 un petit coup
un petit coup
&tra là là
un petit coup

 un petit coup
&tra là là
";ah bon ?
21;"
coucher avec la bonne
avec la bonne
j'aime le patron et la patronne
patron et la patronne
j'aime le patron
j'aime le patron
quand il est bon un petit coup
quand il est bon
ah là là un petit coup


&tra là là un petit coup

 

";il en est il en est rendu là ?
22;"


";ah bon ?
23;"
ah bon ?


";il a pas de femme ?
24;"



 un peu du du cinéma




";quoi ?
25;"



 un peu du du cinéma




";qu'est-ce qu'il y a ?
26;"



 un peu du du cinéma




";hein ?
27;"



 un peu du du cinéma




";hein ?
28;"



 un peu du du cinéma




";hein ?
29;"



 un peu du du cinéma




"; non ?
30;"
peut-être avant 


ça c'est bien j'ai jamais pu la trouver
";de quoi ?
31;"
ça aurait été bien puis l'autre derrière
";qu'est-ce qu'il y a ?
32;"
hein impeccable
qu'est-ce qu'il y a ?
";parce que vraiment il avait de beaux numéros l'autre hein fallait le faire hein ?
33;"
elle bat le beurre
"; a téléphoné hier soir ?
34;"
qui vont avoir ça dis
tu vois la vraie paella
";oh c'est vrai ?
35;"
complètement 

";comment ?
36;"
crise cardiaque dans le jardin
et encore
";ah dans son jardin ?
37;"
ils avaient ils ont une maison magnifique hein
il était en train de planter je sais pas quoi 
";ah bon ? oh
38;"
des bégonias
ah bon ? oh
";à quel endroit ?
39;"


";chérie tu veux un petit peu de mon foie ? j'en avais de trop moi
40;"
chez monsieur NPERS
"; de ta de ta grand-mère non ?
41;"
un peu avant Saint-Viacre
Saint-Viacre
";tu as pas compris hein ? non bon
42;"
oh
au fait
";comment ça va mini route ?
43;"
elle nous a donné de la glace
";est-ce qu'il vendait quelque chose ?
44;"
alors Jean je lui faisais voir il me dit fais-moi pas voir ça il dit je vais me casser la gueule il dit je conduis

";c'est presque devenu un peu porno le cinéma ?
45;"
ça vaut pas euh
moi j'ai mon petit mécanicien qui travaille 

qui revient qui me dit ah si vous aviez vu NPERS je dis quoi 
la fille des achats je lui ficherais des claques
";ah ?
46;"
alors à ce qu'il paraît que chez 
 c'est affreux
";ah bon ?
47;"
oh là là

celles qui ne sont pas en uniforme ça fait bizarre
";ah bon ?
48;"
toi tu as un uniforme
";toi maintenant ?
49;"
c'est vrai 
 c'est toi qui 
 ma chérie
même si tu es venue en en petite robe en velours
tu seras toujours belle 

vraiment en extase devant sa vitrine 


";comment ?
50;"
ça a duré je sais pas combien de temps deux ans

c'est vraiment une drôle d'histoire

oh mais ils sont encore en procès hein
mais la pauvre il était épouvantable parce qu'à l'époque tu sais ils étaient
";où et avec qui ?
51;"
pas 

où et avec qui ?
";ah bon ?
52;"
pas se faire mal

 toute sa vie elle aura une jambe bandée
";et elle marche ? ah bon ?
53;"
elle est bandée depuis des années et des années
et elle a des années où elle se met des grands pantalons
";et pourtant ça va mieux ah ouais ?
54;"
oh là là


";c'est jeune hein ?
55;"
je crois pas qu'il y ait


";ah bon ?
56;"
ben oui moi elle m'a demandé si je voulais
";leurs enfants ?
57;"
oui
"; non ?
58;"

";qu'est-ce que je veux dire ? oui c'est le frère
59;"
c'est le frère du monsieur qui tient le magasin 

";ouais rue Bannier hein ?
60;"

 y a le menteur de coiffeur
tartignolle


"; ça non ?
61;"
c'était presque ça

";et qu'est-ce qui t'arrive toi ?
62;"
ça fait plaisir tout le monde chante
";quel jour sommes-nous aujourd'hui ?
63;"
quel jour sommes-nous aujourd'hui ?
";jeudi ?
64;"
oh
";tu as des nouvelles de Bernard ?
65;"
tu as des nouvelles de Bernard ?
";de oui et toi tu as des nouvelles de Juju ?
66;"
oui à la comédie 




";tu fais ton numéro chéri ?
67;"
tu fais ton numéro chéri ?




"; qu'est-ce qu'on leur dit ?
68;"
tu fais ton numéro chéri ?




";qu'ils viennent manger la paella ?
69;"
tu fais ton numéro chéri ?




";près de nous ?
70;"
parce qu'ils le feraient pas


";tu serais pas contre ?
71;"
c'est dommage mais ils prennent
";et ils ont quel âge ?
72;"
je sais pas quel âge il a euh
";Bernard ?
73;"
Bernard
Bernard ?
pas tellement
oh euh dans tes âges
";trente-huit ans ?
74;"
moi je me serais pas permis 

ils sont pas assez jeunes ils sont gentils


";qu'est-ce qu'elle dit NPERS ?
75;"
moi je me serai pas amusé un dimanche en plein dimanche de 


 avec ses trucs de 


";c'est vrai ? ah non ?
76;"
et puis ben même résultat pareil
mais tu peux en reprendre un peu hein y a que ça hein après 



";pas de suite ?
77;"
ils ont un côté jésuite
";ah bon ?
78;"
ou alors 


 et dieu sait si Jeannine peut être marrante
";Jeannine ? mais c'est un amour de
79;"
de fille mais lui il est 

ah elle est très très sympa
";c'était plus lui ? oh pourtant lui était marrant
80;"
ah oui
";comment on l'appelait là-bas ?
81;"
Margotte
ce sera le troisième
";tu les gardes pas les bouchons de champagne ?
82;"
tu les gardes pas les bouchons de champagne ?
";ah ouais ?
83;"
enfin reconnais qu'on a passé on s'est marré
"; ?
84;"
oh ben allez-y allez-y
";qui est-ce qui en veut ?
85;"
alors vous voyez


";qui est-ce qui a demandé quoi ?
86;"
c'est dommage de faire froid maintenant
";du riz ?
87;"
du saucisson s'ils en ont
";non oh j'en ai assez un petit peu de riz ?
88;"
ça il aime bien oui
si ça fume encore
";qui c'est qui l'a cassé celui-là ?
89;"
qui c'est qui l'a cassé celui-là ?
";Billard ?
90;"
de champagne
oh
"; lesquelles celles-ci ?
91;"
oh il aurait pu se blesser mon dieu oh là là

ah mais là 

";ah tu as eu de la veine hein ?
92;"
je comprends comment 

";c'est tu en veux un peu ?
93;"


moi j'ai bon goût tu vois
";dis-moi donc tu veux pas goûter l'autre ? le rond
94;"


moi j'ai bon goût tu vois
";non ça va ?
95;"


moi j'ai bon goût tu vois
";quoi ?
96;"
dis-moi donc tu veux pas goûter l'autre ? le rond


non ça va ?
quoi ?

dis-moi donc je vais te goûter l'autre

";mais c'est celui-là ou pas ?
97;"
oui oui 


"; ces clochards ?
98;"
tu sais qu'ils ont des 
 ils sont marrants c'est
et des ah oui
";oh ?
99;"
y en a certains qui sont
ce sont
";ici ?
100;"
toutes les langues
tiens
";y en a un là comment il s'appelle ?
101;"
y en a un là comment il s'appelle ?
";Henri ?
102;"




";qu'est-ce que c'est ?
103;"


du poulet
";ah du poulet ?
104;"


oui
";c'est dégoûtant hein ?
105;"
soi
non mais c'est ça mais
";mais c'est tu les as piqués sur moi non ?
106;"
ah oui je l'ai vu dans l'Aveu hein

monumental
";tu l'as vu ?
107;"
c'est un monument
monumental
";bien ça vous a plu ?
108;"
bien ça vous a plu ?
c'est l'expression de maman
";vous l'avez vu oui ?
109;"
non c'est même pas ça le vrai truc


moi moi ce que je trouve extraordinaire et que
c'est l'histoire de 

";quand une fois que la grève est finie on va le voir et on dit au fait tu as fait la grève ?
110;"


";hein ?
111;"
je disais tu l'as faite
peu importe
";tu lui dis mais tu as fait la grève ? le gars il dit
112;"
je disais tu l'as faite
peu importe
";m- pas du tout moi ?
113;"
hein réciproque hein
je sais pas si vous avez vu
";la séquence de l'Aveu à à la télé ?
114;"
la séquence de l'Aveu à à la télé ?

";la séquence ?
115;"
la séquence de l'Aveu à à la télé ?

";c'était laquelle ?
116;"
du ciseau là c'est quand hein
ouais
";bon très bien ça va ? ça va ça va ? 
117;"
je te jure ça fait un drôle d'effet hein
NPERS
";comment ça a commencé ?
118;"
comment ça a commencé ?
";L'Aveu ? bah il sort du ministère
119;"
c'est à voir ça
L'Aveu ? bah il sort du ministère


";ah il sort du ministère ?
120;"
ah il sort du ministère ?
";il s- parce que vous ne l'avez pas vu du début ?
121;"
il s- parce que vous ne l'avez pas vu du début ?
";ah bon ? alors
122;"


puis tu vois à peu près comme je te vois 



";ça va ? ça va
123;"


puis tu vois à peu près comme je te vois 



";il lui dit mais qu'est-ce que vous voulez ? même pas même pas ça
124;"
il voit les types

alors hop
au lieu de prendre euh
au milieu il prend à droite

il va retrouver sa voiture le chauffeur qui le salue



et puis
et ben




il regarde dans le rétro le les types le suivent

bon il arrive chez lui
Simone Signoret
ça va ? ça va
bon très bien mais il lui en avait parlé
il lui avait dit tu sais depuis quelques temps je suis traqué
bon il retourne au boulot
tu le revois descendre encore les escaliers
et alors là il s'y là il s'y frotte
sans chauffeur
il a pas de chauffeur il est tout seul

il a sif-
il est pas t- il est tout seul
et ils le coincent dans une rue
alors
ici
 euh coup de poing matraque
crac il rentre dans la bagnole

il arrive devant un type qui paraît être le l'organisateur de cette bande

il lui dit mais qu'est-ce que vous voulez ? même pas même pas ça
le type il lui
 colle deux claques dans la tête et il lui dit bon bah euh
prison numéro &untel enfin cellule numéro &untel

tu le vois dans sa prison

";ah voilà nous on l'a vu où nous ?
125;"
bon dieu laissez-moi parler laissez-moi m'expliquer
";qu'est-ce que vous me voulez ?
126;"
pour dormir et tout quoi

alors il dort

comme toi tu peux dormir sur le ventre et tout crac
";et est-ce qu'il faut marcher ?
127;"
qui est crevé puis tout d'un coup on dit c'est quand même 

alors Montand dis- et avec le gars qui qui
tu peux p- pas savoir l'effet que ça fait
";oh tu as jamais joué Les Deux Orphelines au théâtre ?
128;"
c'est depuis que j'ai vu 
 y a y a longtemps
non moi ce que j'ai beaucoup non moi je vais te dire le le le

 contact euh
summum le summum
acteur tu sais ça fait un effet 

le summum du film


";mais tu es toujours communiste ?
129;"
c'est fort ces choses-là 

non c'est bon
";tu nous remets Michel Legrand ?
130;"


";de quoi ? tu faiblis pas ?
131;"



 


de quoi ? tu faiblis pas ?

";ah ben dis donc il fait honneur au plat hein ?
132;"
c'est qu'il y avait que ça à manger 
";c'est épicé hein ?
133;"
ah bah moi j'ai vraiment bien
";alors il avoue quoi ?
134;"
alors il avoue quoi ?
";tu me suis ?
135;"
alors il avoue quoi ?
";tu as vu ?
136;"
il avoue
il avoue que pour son parti

le parti communiste a besoin
d'un procès politique pour pouvoir intervenir dans une ville
dans un dans un état

qu'il se veut qui se veut communiste mais communiste rose

tu me suis ?

donc
euh pour pouvoir intervenir dans ce pays et alors
à te foutre excuse-moi l'expression en pleine gueule
Prague

à la fin du film
tu as vu ?
ça a dû se servir comme une 
 là-dedans
euh en réalité tu comprends toute l'issue

c'est-à-dire que
pour pouvoir intervenir à Prague

ils avaient besoin d'un procès

le procès c'est du tchèque

communiste
guidé 


ouais

";mais pourquoi tu te marres c'est moi qui te fais rire ? 
137;"
ah ça va mal aller
non ça doit être
";tu sais pourquoi ?
138;"
alors moi je sais pas après un film comme ça hein
je suis vraiment anti-communiste

";comment ?
139;"
ah c'est pas pensable
";mais pourquoi elles rient ?
140;"
c'est pas vrai

";pourquoi tu tousses ?
141;"
c'est pas vrai

";pourquoi tu tousses ?
142;"




"; quelle heure est-il ?
143;"
alors dix heures dix
dix heures dix
ah ben on a déjà 

tiens 



";ah bon ?
144;"
ah bah tu te bah tu te rappelles d'une fameuse
";mais qu'est-ce que le communisme ?
145;"
le partage de tous les biens et
y a pas de raison qu'y ait des gens qui soient plus heureux que d'autres tout le monde doit être heureux 

";bon eh ben tu crois que ces gens-là sont heureux ?
146;"


";vous êtes communistes ?
147;"


";vous êtes pas communistes ?
148;"
il les prend comme n'importe quel couillon ils se le mettront dans la poche
";comment ils le placeront ?
149;"
ça c'est nécessaire
bon
";quoi ?
150;"
mon père m'a dit tu sais que c'est 
 il boit drôlement ce type-là
ah
à tous les coups il est plein comme une barrique il est 

vous êtes terribles hein
";on se connaît tous les deux hein ?
151;"
mon père m'a dit tu sais que c'est 
 il boit drôlement ce type-là
ah
à tous les coups il est plein comme une barrique il est 

vous êtes terribles hein
";moi pour pouvoir venir chez moi faut que je paye tu comprends ça ?
152;"
tu sais ce que j'ai fait

je vais le voir

je lui dis écoute
on se connaît tous les deux hein ?




je lui dis écoute moi tu vois j'habite
je l'ai tutoyé il a il a trente ans de plus que moi je lui dis tu vois j'habite au troisième étage

c'est ce qu'on appelle être riverain voilà
bon
moi les mecs qui habitent devant là les ti- les types qui sont stationnés devant là ils habitent pas là
moi j'habite là et j'ai pas ma place
moi pour pouvoir venir chez moi faut que je paye tu comprends ça ?
il a dit oui
et je dis maintenant
maintenant tu vas prouver que tu es pas con alors écoute bien
alors écoute-moi un truc

je vais te donner cinq cents balles tu m'entends bien je vais te donner cinq cents balles
mais ça va pas aller dans ta sacoche ça va aller pour toi
tu boiras ce que tu voudras
et quand tu verras quarante-trois 
 quarante-cinq une voiture grise avec des bandes rouges en bas
"; ?
153;"


";il s'en est rappelé ?
154;"
voilà jeune homme
donne moi ton 


un Kleenex 
 oh pardon
et y a des moustiques en plus
";encore ?
155;"
oh là là
encore ?
";ah t'as des moustiques ?
156;"
en tout cas tout ce que récupère l'Etat
l'état 

au minimum
elle en prend son 


minimum


 alors en principe 
 les routes
pour amener la 
 tout ça

donc c'est totalement faux qu'il imagine

parce qu'en principe je j'ai vu un rou- j'ai vu un
une statistique comme quoi

l'Etat

il 


euh je crois treize cents kilomètres d'autoroutes

c'est tout de même une bouchée de pain ça

";tu veux un peu d'eau ?
157;"
c'est quarante-cinq

";Sérieux S'Abstenir vous l'avez pas vue ?
158;"


y avait une séquence sur les
";où est passée l'autoroute &untel ?
159;"
non c'est une honte
non tu vois par exemple moi moi
";ça va me faire gagner quoi ?
160;"





";comment tu l'a appelé ?
161;"
moi je suis je réagis en ou ou la réac de droite si tu veux
non 

";d'être peinard sur la route tu comprends ?
162;"
ah c'est beau
c'est beau le régime
tu devrais 

commence pas 
 hein
";alors les cerises ça représente quelle bougie ?
163;"
oh

";qu'est-ce qui t'arrive ?
164;"
ça dépend combien de kilomètres tu fais
";sur mille kilomètres ça fait quoi ?
165;"
messieurs dames s'il vous
";plaît ?
166;"
oh
oh oui
";Montand ?
167;"
si
ah si tu te trompes
";qui aime pas Brassens ?
168;"
il chante comme une casserole
";qui ça Brassens ?
169;"
il chante comme une casserole
";Brassens ?
170;"
qui ça Brassens ?
Brassens ?
";une casserole ?
171;"
ah oui il chante
c'est monocorde
";une casserole ?
172;"
Jeanne
et Jeanne

 chez Jeanne
tu penses comme moi toi tu es tr-
";bon qu'est-ce que Brassens ?
173;"
oui voilà
oui bien

bien

Rabelais

";tu nous sers à boire mon chéri ?
174;"
machin là oui


";hein ?
175;"
parce que tu sais ce qu'il va te dire
";une petite goutte ?
176;"
Brassens quand il parle
une petite goutte ?
";quand il parle d'être paillard ?
177;"
quand il parle d'être paillard ?
oh non merci NPERS
";tu sais ce qu'il te dit ?
178;"
c'est un prétexte de la s- à la timidité

";tu n'as pas froid au moins NPERS ?
179;"
il parle de ça parce qu'il dit moi dans ma vie je n- je ne peux pas parler comme ça


 non non mais pour
";non ?
180;"
si c'est bon c'est délicieux
qui s'appelait Nicole
"; tu te rappelles Nicole Nicole comment ?
181;"
je vous ai apporté des 
";bonbons ?
182;"


tu sors ça te fait quelque chose 
 moi là je vais entendre Brassens
c'est comme Brassens c'est énorme
mais toi
c'est quand il a un public
vous


";qui le lui dit ?
183;"
ça on avait trouvé ça avec Jean


";ah tu en fais partie toi ?
184;"
tu te rappelles euh avec Jean
ah tu en fais partie toi ?
";hein ?
185;"
mais tu as connu Brassens le premier Brassens
";le premier bra- non tu as connu Brassens le premier Brassens ?
186;"
ou tout ce que tu veux que ça fait plaisir
mais si mais ça plaît aux gens parce qu'il dit ce qu'il pense
";est-ce que tu le sais ?
187;"


c'est ça c'est 



";tu trouves pas ?
188;"
je ne peux pas


moi je suis au régime


";oh ? c'est pas vrai
189;"
un grand truc de fromage blanc à l'oignon là avec euh terrine mais 



"; arrive ?
190;"
qu'est-ce qu'il lui 
 arrive ?
";qu'est-ce qui se passe ?
191;"
qu'est-ce qu'il lui 
 arrive ?
";qu'est-ce qu'ils ont fait ?
192;"
j'ai fait mon petit choix 

";Annabel pourquoi Annabella ?
193;"
enfin disons que
par contre
elle a

aussi l'intelligence

de ne dire que ce qu'il veut
moi elle m'a fait une impression monstre

elle était avec 
 vous savez le
"; de bernard Buffet ? ah bon ?
194;"
moi je trouve que Sartre euh gagne à être connu
";qu'est-ce que tu as lu de Boris Vian NPERS ?
195;"


nous passons au salon mes petits mignons vous prenez votre coupe et on va de l'autre côté


";eh ?
196;"
et puis y en a un autre qui arrête pas

";hein ?
197;"
il est ben hein
tout le monde nous dit que 
 il est pas à nous malheureusement sinon
";tu vas peut-être y arriver à l'avoir non?
198;"
oui on mettra une haie en
";mais ça sera où ça sera où?
199;"
bon ben tu as un bâtiment qui est encore plus grand

et

et on sera complet

";et vous prenez des vacances cet été non?
200;"
ah ben
";et ton frère il va bien ?
201;"
et ton frère il va bien ?
";Didier?
202;"
il est toujours à Vi- à Lyon
";toujours à Lyon? il fait toujours la médecine militaire lui ?
203;"
il a encore un an de
";il est en quelle année là maintenant ?
204;"

 à côté quoi

on fête jamais

s'il aura redoublé 
"; non ?
205;"
oh 

";alors tu as pas suivi les championnats de tennis ?
206;"
non
";mais qu'est-ce que tu fais toi à l'hôpital ?
207;"
ben à Saint-Jean-de-Braye y en a d'autres
";de quoi?
208;"

de quoi?
";non?
209;"
ben écoute oui moi je me souviens quand on avait acheté la maison
";vous l'avez achetée quand vous ? il y a combien de temps?
210;"
t'inquiète pas
";non ?
211;"
oui

";mais ça vaut cher de de monter un cabinet ?
212;"
ben 

";parce que toi par exemple ton appartement tu es tu es locataire ou non ?
213;"
oui elle me l'a dit
que elle t'avait vu avec Bruno mais je sais pas ce qu'elle m'a dit



";qu'est-ce que tu as ?
214;"
remarque elle risque 
 l'année prochaine

";parce que c'est pas c'est pas bon à à Orléans ?
215;"



";alors la Geneviève est toujours fiancée à Bruno ?
216;"
au boulet 

";Didier est pas fiancé non ?
217;"
de toutes façons comme il est à Lyon ça fait pas pareil que quand s'il était à Orléans que si 
 qu'il vienne tout le temps à la maison tout ça là il est à Lyon et il est indépendant et

";vous le voyez tous les combien tous les ? 
218;"
oui mais il y aurait la même place que la mienne ici euh
";il y a pas de manifestation ici ?
219;"
des gens connus même même le fils NPERS
";et tu as eu des ennuis avec lui ?
220;"

ça se ballade dans tous les coins

";tu es arrivé par où là ?
221;"
oui hm hm

";vous vous rapprochez de Jean-Claude et de Marie-Hélène ?
222;"
hm

";vous les voyez souvent quand même ?
223;"
à Orléans 
";ah bon sinon ici non ?
224;"
parce que on

remarque il y en a pas beaucoup hein

mais au rectorat il y a le le chef de cabinet du recteur un mec qui est très sympa

j'ai failli l'inviter un soir à à à l'apéro pis j'ai raté 
j'y ai pas pensé il était trop tard

enfin on l'invitera peut-être un un soir
";qui?
225;"
entre les gens et les les trucs comme ça les voisins tu sais sur Saint-Jean-de-Braye ça va vite les bruits
";ah bon?
226;"
hum
non je vais peut-être prendre une petite assurance pour aller me promener les week-ends ou je sais pas moi 
 mettre des
des panneaux derrières 


ben c'est c'est incroyable ça c'est la limitation de vitesse qui l'a fait hein
";ah bon tu crois ?
227;"
bon alors un coupé deux cent quatre et puis c'est marrant la deux cent quatre ne me disait rien
";elle te dit rien ?
228;"
non
";tu mets ton nom sur l'annonce ?
229;"
ben oui normalement mais tu vois moi j'ai de l'oreille et souvent je savais pas trop à combien je roulais
";ah bon?
230;"

hm

tu auras qu'à lui dire

";comment tu le gouttes comment tu fais avec du salami ?
231;"
oui
ah bon

j'ai vu l'Aveu et j'ai été voir Satyricon
";ah bon ? oui
232;"
ben n'allez pas voir ça parce qu'alors là
";ah bon ?
233;"
ah moi ça m'a franchement déplu
";ah bon?
234;"


"; de ?
235;"
d'horreur 

";de quoi?
236;"


";oh tu l'as emmené où ?
237;"
non rien que de voir de l'extérieur j'avais peur 
ben il a fait des cauchemars la nuit
";ah bon?
238;"
parce que il avait pas de volant y avait rien à faire alors 
 à chaque fois qu'il passait à côté de nous 

 bâteau euh et puis il voulait en sortir enfin il a pas trop crié il y avait deux gamines 

la mère de 

";ah bon?
239;"
et est-ce qu'il va pas en maternelle ou autre place 
";non il va où là ?
240;"
on en a d'autres hein
";ah bon?
241;"
oui 

";non?
242;"
oh ben avec Nicole
";ah bon?
243;"
ah bon?
";ah qu'est-ce qu'elle en disait elle?
244;"
ça vous a choqué le plus 
";ah bon ?
245;"
ah ben oui alors 
";non?
246;"
oui elle était en histoire 
";vous avez remarqué ?
247;"
les gens s'en foutent ils vivent leurs vies pis voilà

mais enfin tu sais Nicole je crois pas qu'elle restera euh avec ces idées-là
";hein ?
248;"
tu veux dire au point de vue religion le seul truc qui me 

qui me chagrine un peu
c'est que

il semble que la religion catholique soit la seule où il y ait des miracles

il semble
alors est-ce que c'est que je suis pas bien informé sur les autres

si tu veux c'est pratiquement c'est un des seuls points de vue qui me ferait

";pencher vers la religion catholique ?
249;"
tu as été à la conférence euh
";de Michel NPERS ? non
250;"
oui alors remarquez par exemple Nicole elle en voit 
ceux qui travaillent chez NANON
à là ils sont ils sont exploités sûrement puisque ce sont des des étrangers qui parlent pas bien français bon ben
";ah ouais?
251;"
ah c'est marrant

"; encore un peu ?
252;"
même moi
à mon 
 moi avec mon hôtesse
";avec ton hôtesse ?
253;"
ben la personne qui tient le magasin

";tu en abuses ?
254;"



";allo?
255;"



";allo?
256;"


";ah bon ? qu'est-ce qui se passe
257;"


";tu viens ?
258;"
oh si moi
la grande table
";celle-là ? 
259;"
je laisse comme ça là
";dans le salon là ?
260;"
oh oui on rangera après

moi je vais sortir ça

";je m'en rappelle plus comment elle est faite sa cuisine elle est pas plus petite que celle-là ?
261;"
mais dans le milieu tu peux pas mettre ta table
";dans le milieu ?
262;"
moi je parie qu'elle rentre
";tu fais remarque je vais me mettre là c'est peut-être mieux pour vous non ?
263;"
maintenant je vais sortir le vin

";qu'est-ce que je vous donne ?
264;"
il doit être bon il doit être bon
chut
";qu'est-ce que c'est à boire ici ? 
265;"
vas-y 
";ben dis toi qu'est-ce que tu attends ? 
266;"
oh oui ben heureusement que j'ai
";c'est quoi ?
267;"
fait des choses que
c'est du lapin
"; tu m'as bien regardée ?
268;"
le cadeau de communion à Claire

";qu'est-ce que vous lui avez acheté ?
269;"
une chaîne

payé une chaîne
";ah bon ? hm 
270;"
vraiment très belle et y en a pour euh trente milles francs
ah bon ? hm 
";oh oui avec une croix ?
271;"
de fréquences
oui hm
";tu en as assez ?
272;"
hm

";tu veux du pain?
273;"
communier
oui
";ah bon ?
274;"
ils n'ont plus de retraite
oh
";ah y a plus de retraite ?
275;"
de mais enfin

Florence elle rouspète
";ah bon ?
276;"
alors Hélène elle
te tracasse pas de toute façon on fera quand même un repas 
";ah bon ?
277;"
Chantal elle a eu une communion
";ils feront quand même un repas même si ?
278;"
on ira quand même euh
à la communion

c'est que remarque euh pour les gamines qu'est-ce que
";tu veux ? hein s- s- c'est sûr
279;"
moi je trouve ça normal alors elle fera 
";à la maison non ? hm
280;"
quand même y aura un repas hm
à la maison non ? hm
";je trouve que la gamine ça peut la choquer qu'est-ce que tu veux ?
281;"

tu étais en aube toi et moi et nous
 on était en robe avec Paulette
";ah bon ?
282;"
Claire elle veut pas la mettre son aube
";ah bon ?
283;"


hm


";où sont-ils ?
284;"
ça te rappelle des souvenirs
";quelle fois va ?
285;"
en bons Français que nous sommes
";oh tu t'es pris la cuite ?
286;"
non

";tu avais pas pris une cuite ?
287;"
tu goûtais les vins oui
alors qu'est-ce qu'il y a 
";comme vins là-bas ?
288;"
tout 
";ah bon ?
289;"
ah bon ?

";c'est pour les gens qui veulent acheter non ?
290;"
ah oui

";comment elle s'ap- ? oh je me rappelle plus de son nom
291;"


";Michel il m'a écrit j- tu le sais ? je te l'ai dit ?
292;"
il doit venir euh nous voir hein
";il est là en France ah bon ? 
293;"
ils doivent venir en fin d'année en décembre je crois
";avec sa femme et ses gosses ?
294;"
moi ça me ferait plaisir de le voir 
ils passent tous les deux
je vais lui écrire qu'il vienne me voir
ah oui remarque
";ils sont établi où donc ?
295;"
qu'elle vienne d'avoir un bébé y a aucun rapport
mais elle dit que pour lui donner à à manger faut que l'eau elle soit bouillie avant

parce que elle trouve pas
";tu en veux ?
296;"
un pays civilisé
oh
";ben ils sont en Afrique non ?
297;"
mais elle dit qu'au début ils avaient beaucoup de mal à trouver un lit
tu sais un un lit
";ah bon ? eh ben ils couchent sur quoi ?
298;"
ah bon ils s'y
";plaisent ?
299;"
oui tu t'en fais oui mais enfin tu te retrouves sans sans lit
sans flotte
";tu te rends compte ? 
300;"
ça ça me plairait partir 
 à l'aventure comme ça euh
ça me serait égal

";je change d'assiettes là ou ?
301;"
ah ben oui

";elles doivent être chaudes ?
302;"
moi la pizza je m'en suis pas pris d'ailleurs
";quand je pen- ah bon?
303;"

 c'est malin
";de quoi ?
304;"
ah bon oh ben ça ça m'aiderait




";tu aimes pas la pizza ?
305;"
tiens c'est marrant
non


";qu'est-ce que tu aimes pas dans la pizza ?
306;"
qu'est-ce que tu aimes pas dans la pizza ?

";l'agrément ?
307;"
mais en principe c'est bon les
";ah bon ?
308;"
ah bon ?
";ah bon ?
309;"
meilleurs qu'aux Galleries il paraît

moi je me suis donc pris 
";c'est quoi ? oui c'est quoi ?
310;"
voilà
";ben il est encore pas arrêté ton rôti non ?
311;"
euh va il va être calciné 
quand il va sortir


ça va pas être il est 

";c'est vrai ?
312;"


c'est vrai ?
";tu avais dit une demi-heure non ?
313;"
ben je sais pas

tu avais dit une demi-heure non ?
";ça fait combien de temps ?
314;"
oh
";ça fait une heure ?
315;"

 ça va être du charbon de bois bouge pas ben oh non penses-tu

";tu es inquiète hein ?
316;"
ben attends
";tiens à ton avis -q ? je sais pas
317;"
oh dis donc il est beau hein il va être bon tu vas voir
mais c'est bon on te le dit


";sûrement non ?
318;"
oh ça me paraît dur là
";c'est la pâte non ? oui
319;"
hm hm
";charcuterie où donc ?
320;"
c'est une cliente là qui
qui tient cette euh charcuterie en principe c'est pas tellement fameux ce qu'elle a
";ah bon ?
321;"
elle est pas épicée
";tu trouves pas ?
322;"
ouh
";alors qu'est-ce qu'il y a là-dedans ?
323;"
ouh
";euh sauce blanche ?
324;"
et puis des petits
oui


";tu sens pas toi comme ça te brûle ?
325;"
tu dis qu'elle est pas épicée dame
tu sens pas toi comme ça te brûle ?

";ah bon ?
326;"
je sais pas
si elle est pas mauvaise bon


";ça te brûle pas après toi ?
327;"
ton
oh oui


";hm ?
328;"
oh tu sais tu as la femme à

à Lionel NPERS qui travaille avec nous

";euh qui a un grand nez ?
329;"
oui oui oui je vois qui c'est
elle elle était habillée en bleu
";hein ?
330;"
je crois bien
hm
hein ?
oui elle avait une robe bleue
";c'est pas vrai l- il a pas un grand nez ?
331;"
ben tu reviendras
si il a un grand nez
";il travaille avec toi ?
332;"
hm
";ah bon ?
333;"
du punch hm

oh ben tu le sais

";et tu aimes pas les olives toi ?
334;"
puis j'ai été demandé alors je l'ai emmené à Saran il était fier avec
";il s'est mis un rond ?
335;"
ça change pas remarque les méthodes nous
";c'était pareil hein ah toi aussi tu avais un torchon ?
336;"
des trucs j'en ai cent
alors y a de quoi faire
";où est-ce que tu as fait faire ça ?
337;"
deux milles francs
";les cent ?
338;"
les cent ?
les cent
";marques ?
339;"
c'est le même prix

";c'est le même prix ?
340;"
ah mon il était rien fier avec son torchon 

c'est marrant les mômes
";alors il a quand même été à l'école ?
341;"
et tu as pas de nouvelles
ouais
";de Bruno ?
342;"
déjà ça on
hm
";ça fait tard tu finis à quelle heure toi ?
343;"
si le quatorze juillet
";c'est un quoi ?
344;"
oh dis donc cette année hein ils sont pas gâtés
";tu veux pas goûter au ?
345;"
c'est un peu plus bourré
ah oui
";qu'est-ce que tu veux ? on a fait les deux ponts
346;"


";tu avais travaillé le lundi ? oh ben dis
347;"
non
";non ?
348;"
ben attends
";tiens tu veux bien me l'allumer le four ? s'il te plaît
349;"
tiens tu veux bien me l'allumer le four ? s'il te plaît
";tu veux que je t'allume au ?
350;"
non j'ai pas de
chez nous enfin à la maison il sautait tout le temps tu sais ça

la flamme elle ça avait un retour de flamme ou je sais pas quoi
";ah bon ?
351;"
hm
";tu piges ?
352;"
j'ai ma poubelle elle est
archi-pleine

regarde ça

";je te mets à combien le four ?
353;"
oh ben oui ça se mange avec le le rôti de porc
oui ben trois
";non ?
354;"
là depuis que vous êtes
";là ?
355;"
sept mille enfin six mille six
";pour combien ?
356;"
elle est frileuse ta mère
";ah bon? 
357;"
oui mais c'est pareil quand elle est venue il faisait froid aussi

";vous aviez assez ? oh ben oui vous deviez avoir de
358;"
vous aviez assez ? oh ben oui vous deviez avoir de
";la place là vous aviez mis cette table-là ?
359;"
c'était des rouelles de veau au cidre 
";que tu avais fait ?
360;"

ah ben oui maman elle m'a dit hein

elle se débrouille hein
";ah bon ?
361;"
oui 
";elle a aimé ?
362;"
alors c'était un
des morceaux de veau alors
";c'est pas un rôti ?
363;"
y avait de l'os 
ah bon y avait 

";de l'os aussi ?
364;"
de l'os à moelle

";ça vous le mettez à recycler non ?
365;"
c'est le travail du maître de maison
";j'enlève la ficelle ?
366;"
ben oui

";tu sais faire des noeuds de marin?
367;"
je te jure 

";où qu'est-ce que je suis ?
368;"

 on était on était réquisitionné pour faire la garde

";ben tu avais pas eu de courrier toi pendant ce temps-là si ?
369;"
c'était en soixante-neuf ben c'est y avait
ah ben ah ben tu étais là toi alors
";cours lesquelles grèves ?
370;"
après que
ah oui mais mai euh
";pendant les grandes grèves de mai tu étais encore là ?
371;"
je me demandais comment j'allais aller à Brest
ah oui
";tu te rappelles pas ?
372;"
ben tu as pas coupé assez

y en a que deux
";trois non ?
373;"
oh non mais non Jocelyne
";avec quoi tu vas te servir ?
374;"






";hein tu serais perdue ?
375;"
bof

";quoi oh ?
376;"
tu veux de la purée avec
";euh ? non ?
377;"
non non ça va 
c'est bon
";c'est vrai ?
378;"
hm délicieux

";il est cuit ?
379;"
hm
";remarque il peut parce que je devais l'éteindre à neuf heures moins le quart et je l'ai éteint il était ?
380;"
oh ben c'est pas dur
c'est pareil

";mais combien de temps ça fait alors ?
381;"
trente minutes

";par livre ?
382;"
faudrait qu'on relise le bail aussi parce que si ça se trouve il y a des conditions que

";c'est peut-être pas assez salé si ?
383;"
oh
";combien qu'ils t'ont pris ?
384;"
oh oui oh ben nous aussi on paye ça le et puis le bonhomme il avait sa commission là-dedans ben 
";tu crois ?
385;"
et en plus
il y a le tout-à-l'égout à la cave qui fuit

";ah bon ?
386;"
ah oui
";hein ?
387;"
ah je sais pas parce que m- regarde moi je m'étais fait piquer mon compteur eh ben c'est moi qui ai payé hein

par contre euh ce qu'ils ont fait faire euh qui était obligatoire
enfin que l'EDF a demandé
";les bouches là ?
388;"
puis c'est vachement vieux comme installation les prises elles sont toutes pourries là
oh si je pense que si oh oui remarque ça se voit hein c'est sûr


";tu te rends compte ils vont venir mais ça fait pas longtemps que ça le fait ça fait combien ? deux jours
389;"
faudra que vous le le relisiez
tu auras qu'à 

";tu en reveux ?
390;"
non merci hein vrai
";tu en reveux toi ?
391;"
ah ben non moi non plus

";c'est vrai tu en reveux pas une petite tranche ?
392;"






";avec des pommes de terres modernes ?
393;"
nouvelles
";nouvelles ah bon ?
394;"
et puis c'est lui qui le casse dans le plat


et c'est lui qui le fait oh
";ah bon ? 
395;"
tiens au fait je cherche du boulot

";ah ?
396;"
ah ben tu es fou
";ben pourquoi ?
397;"
toi
ben pourquoi ?
";ben quoi que tu veux faire ?
398;"
au début le salaire 
";j'ai mis trop de beurre non ?
399;"
une cuillère
";s'il te plaît ?
400;"
sers-toi là dans 
";attend qu'est-ce qu'il y avait marqué ?
401;"
oui
";qu'est-ce que c'est qu'ils appellent bon salaire ?
402;"


bon salaire c'était exactement comme chez NPERS
qu'est-ce que c'est qu'ils appellent bon salaire ?

j'ai chez NPERS j'ai quatre quatre-vingts

il m'offre à cinq francs lui

";ah bon tu as été voir ?
403;"
hm
";c'était où ?
404;"
chez Réau
je suis revenue exprès 
";chez qui donc ?
405;"
ce midi pour lui de-
chez qui donc ?
";c'est tu sais où il y a IBM euh à Saint-Jean-de-la-Ruelle là ?
406;"
hm
";mais c'est pareil alors moi je lui ai dit quel avantage euh j'ai ?
407;"
et chez Renault tu te rend compte que chez Renault euh
tu rentres comme manoeuvre là-dedans à visser des boulons toute la journée
i- oh ils te payent cinq francs vingt-cinq
";de l'heure tu te rends compte ?
408;"
qu'à qui si il peut avoir des relations ou n'importe
";chez qui ?
409;"
eh oui c'est ça maintenant
mais combien de métiers y en a qui
";se perdent comme ça ?
410;"
boîtes ils leur donnent
puis tu as de de ces avantages là-dedans
";comme avantage ? rien rien rien rien
411;"
prothèse dentaire ben ça c'est un un truc
";ben oui il s'en est fallu de quoi ?
412;"
ça c'est sûr hein
ça ça c'est un métier d'avenir hein

";mais il peut pas le faire maintenant ?
413;"
peut-être ça reprend
";qui est-ce qui m'a glissé ça dans ma poche ?
414;"
je sais qui c'est
";c'est qui ?
415;"
je te jure 

";ben puis qu'est-ce que ça lui rapporte ?
416;"
si bien dans mon lit la nuit
";tu peux avoir mais quel âge il a ce type-là ?
417;"
hm non

";Christian qui ?
418;"
sûr qu'il doit se faire des bonnes payes lui chez Simca hein
";combien qu'il nous avait dit qu'il se faisait ?
419;"
ben oui mais c'est pareil il est rentré là-dedans
tous ses trucs il était ici il était P P2 ou P3 chez

chez machin chez


où il travaillait je sais plus où

";où que c'est qu'il travaillait chez NPERS ?
420;"
on sait même pas de quoi il s'agit alors

";tu as écrit où donc ?
421;"
euh
parce que d- il y avait une annonce
";où ?
422;"
où ?
ouais
";sur le d- dans le journal ?
423;"
valable la SNCF
";tu veux un peu de ?
424;"
hm

";tu dois être mensuel ?
425;"
tu prends pas la bagnole
";et puis une fois arrivés sur place ?
426;"
comme tu veux dis eh
ah oui ah oui
";ben et alors qu'est-ce que ça change ?
427;"
faudra 

dis un petit week-end 
";c'est pas appréciable ça ?
428;"
non c'est leur caisse privée à eux ça

ils sont épatant hein
aucun ennui tu demandes n'importe quoi ils t'acceptent
";ah bon ?
429;"



il était ébéniste aussi d'ailleurs

";et qu'est-ce que tu ferais là-dedans ? qu'est-ce que c'est
430;"
et qu'est-ce que tu ferais là-dedans ? qu'est-ce que c'est
";pour faire quoi ?
431;"
pour faire quoi ?
ben je sais pas
";y a marqué homme d'équipe alors équipe de quoi ?
432;"
remarque ça doit être dur hein de travailler
";c'est le travail dehors ça non ?
433;"
moi je pourrais pas hein
dis donc


";quoi ? ben ça dépend
434;"
paraît que ça paye pas
";hein ?
435;"
ah oui mais ils d- ils demandent personne à l'EDF c'est à
";comment il est rentré Christophe ?
436;"
les eaux aussi sinon
"; qu'est-ce que tu vas faire aux eaux toi ?
437;"
de Guillot Pelletier

qui nous avait dit 
ton grand-père il est mort hein
";tu te souviens hein ?
438;"
si on l'avait vu un jour au coin du faubourg
";tu te rappelles pas ?
439;"
qu'il a pris un coup de vieux
il changeait pas hein
";ah bon ?
440;"
il s'est remis d'aller au bal
";ben qu'est-ce que je veux dire ? ma copine elle lui avait fait croire que 
441;"
une boule de bowling tu parles 

il aurait pas été à l'hôpital 


";il était empoché ?
442;"

mais bon c'est un pauvre gars c'est un

";un simple d'esprit qu'est-ce tu ? oh oui ben ça
443;"
on lançait toujours
tout le monde
"; ? qu'on lui faisait dire 
444;"
oh là là là là là là




je suppose qu'il arrive toujours à à rentrer au bal sans payer

";ah bon il paye pas ?
445;"




";on lui dit qui ?
446;"
mais non pas du tout non non j'ai fini vous savez j'ai une presse alors j'ai dit mon dieu pas d'affolement
j'ai dit à Hervé je vais venir faire ça avec moi mais ne me saoule pas

il est d'une exitation écoutez madame 

";alors ils partent ce soir ?
447;"
si vous saviez que moi j'en ai une au camp de guides que j'ai reçu une lettre de la cheftaine ce matin que ça va pas du tout
";laquelle ?
448;"
ben Isabelle
";comment ça se fait ?
449;"

je crois que c'est c'est difficile de

ouais

faudrait pas couper bien sûr parce que

";ils partent pour combien de temps quinze jours ?
450;"
nous on n'aime pas qu'on ait des compagnons Jean-Pierre NPERS enfin des noms euh
qu'on a entendu cette année un peu si vous voulez au point de vue mouvement scout j'espère que ça va aller oh seigneur 
";ils vont où là ils vont où ?
451;"
ils vont
cinq kilomètres de la Roche Blanche
et c'est à dix kilomètres de Clermont

"; ?
452;"
ils vont
cinq kilomètres de la Roche Blanche
et c'est à dix kilomètres de Clermont

";nord sud est ouest vous savez pas ?
453;"
euh ici votre installation vous parlez de
";la maison d'Orléans ?
454;"
c'est la mauvaise saison les vacances

";oui mais enfin est-ce que ça les intéresse de faire une installation au mazout ou pas ?
455;"
je lui dis écoutez monsieur mon époux est venu vous voir
oh mais arrête
";je retéléphone nous sommes quel jour ?
456;"
je lui dis écoutez monsieur mon époux est venu vous voir
oh mais arrête
";on doit vous faire un devis ?
457;"
je lui dis écoutez monsieur mon époux est venu vous voir
oh mais arrête
";pour quoi madame ?
458;"
mais moi j'av- j'avais des yeux hein étonnés par le temps
la semaine dernière 
il nous avait promis le devis dans les quarantes-huit heures

vendredi dernier pas de devis 

bon

je retéléphone nous sommes quel jour ?
vendredi

mercredi j'attends le courrier de quatre heures

et jeudi

mon mon époux est pas content 
 fais-moi confiance attends
bon
alors je prends le téléphone
ah

on doit vous faire un devis ?
pour quoi madame ?
oh oh j'ai d- écoutez ah non je me suis contenue parce que j'ai dit mon dieu pas savoir ce que c'était
mais j'ai dit c'est bien moi 
 surtout que deux ou trois fois il m'a dit méfiez-vous vous savez

";plutôt aller ailleurs ?
459;"
 je ne me souvenais plus de la rue
";Eugène ?
460;"
hm d'accord
";elle tourne dans la rue de la Bourrie ?
461;"
elle fait un

mais alors je me dis zut c'est vrai avec les enfants déjà enfin si je peux les envoyer à la piscine à peu près tous les jours ça compensera un peu
";alors à cause de ça vous partez pas ?
462;"
ah oui c'est sûr
";vous la mettez où vous la mettez où votre cuve ?
463;"
monsieur NPERS est très bricoleur
";ah bon ?
464;"
c'est ingénieur sur le port du Havre

toutes les installations
vérifications réparations c'était sa passion hein
";non ?
465;"
ah c'est Philippe

";tu t'en souviens de Marie-Agnès ?
466;"
j'ai une petite là
tu t'en souviens de Marie-Agnès ?
";comment ?
467;"
comment ?
"; connait déjà Marie-Agnès ?
468;"
vous allez goûter dehors
";ça ça tourne toujours vous êtes bien sûre ?
469;"
Régis c'est un curé 


 et Jean-Baptiste me dit oh là là
";et Jean-Baptiste était très emballé puis tout d'un coup le père Besançon me dit il a quel âge Jean-Baptiste ?
470;"
oh oui
non et puis en plus de ça c'est vrai il est qu'avec des garçons de douze ans et puis physiquement il est quand même grand on croirait pas qu'il a que qu'il a pas douze ans Jean-Baptiste
";quand est ce qu'il aura douze ans ?
471;"



ce qu'on a vu à ce qu'on a vu 

";mais qu'est-ce que vous en faites de cette bête ?
472;"
oh ben quand son père va voir ça

 vigne vierge
";la vigne vierge c'est quoi ?
473;"
c'est l'empélopsys
";comment ?
474;"
c'est oui c'est l'empélopsys
"; c'est pas monsieur NPERS qu'il sait tout ça ?
475;"
tandis que la vigne vierge la vigne vierge oh oui
ça détruit ça détruit les toits
";alors qu'est-ce qu'elle est la différence entre la vigne vierge et le &pélopsys ?
476;"
l'empélopsys 
 aux murs à ventouse

 ça n'abîme pas tandis que la vigne vierge
";ne s'accroche pas ?
477;"
Régis 
 Marie-Agnès va vous donner un morceau de pain si vous avez faim et puis vous reviendrez manger des petits gâteaux après

 cette petite-là la petite NPERS vous ne connaissez pas sa maman qui est paralysée 
 sa mère qui a eu la polio il y a dix ans
et alors euh ses parents partaient en vacances ils la laissaient toute seule chez elle pendant quatre jours

toute seule cette petite-là


";dans une maison ?
478;"
ben parce que ses parents partaient en vacances du côté de Limoges
hier ils partaient samedi à Royan avec un de ses oncles

qui n'a pas sa femme actuellement qui est déjà partie à Royan

donc euh elle avait quatre cinq jours à attendre avant vous comprenez

elle est gentille comme tout vous savez
";c'est l'aînée ?
479;"
alors peut-être ça

et 
on est allé dans dans les agences pour trouver un logement on est tombé
sur un monsieur NPERS mais lequel j'en sais rien moi qui nous a raconté toute sa vie
";non ?
480;"
non
";là non ?
481;"
non non c'est 
 là-bas au service euh
";oh ben c'est au dépôt ?
482;"
demander
";est-ce qu'on a raison de tenir pour certaines choses ou est-ce qu'il faut tout lâcher ?
483;"
j'ouvre le frigidaire en ce moment il
enfin j'achète toutes mes tomates au marché

 à deux heures 

";qu'est-ce tu veux ?
484;"

 qui remplaçaient les Pampas
";qu'est-ce que tu veux du jus de raisin ?
485;"
ben je lui ai dit pourquoi madame NPERS t'attend

elle est allée dans sa chambre

";vous voulez lui téléphoner de venir ?
486;"
oui
";du jus de raisin ?
487;"
oui

";combien de garçons vous avez vous ?
488;"
quatre

";pas de filles ?
489;"


Marie-Agnès elle sait presque ce que c'est hein avec quatre frères elle aussi
";quatre frères ?
490;"
oui c'est la seule fille
y a quatre frères derrière elle

";ils sont raisonables ?
491;"
eh non j'étais en réunion à
";où donc ?
492;"
je sais pas ben nous on y était et mon mari c'est ce qu'il dit toujours qu'au fond cette histoire de mirage euh
c'est venu si vous voulez en question subsidiaire à la fin il y avait une personne qui dans la salle a pas posé de problème
";ah bon ?
493;"
mais alors vous prenez en plus de ça l'autre jour je vais voir les bonnes elles disent oui c'est deux prêtres mais l'autre il est même pas prêtre
on met ça sous sous des gens mais c'est pas c'est pas un prêtre contestataire Jean NPERS il est pas du tout de

il est peut être très avancé comme il est quand même mais enfin c'est pas le type qui a signé toutes les
c'est pas le prêtre qui a signé il ne fait pas partie des 


mais alors oh tout est mélangé vous comprenez
parce que d'abord il était avec Perrin au départ

";Perrin c'est celui qui s'est marié ?
494;"
le prêtre 

";ah le père NPERS euh âgé là ?
495;"
oui tu as qu'à dire
va ouvrir à Hervé et salue madame euh
salue madame 


";qu'est ce qui lui arrive ?
496;"
il s'est marié avec la secrétaire de vingt-deux qui a vingt-deux ans

";il est marié ?
497;"
merci
";Bruno il est là ?
498;"
bonjour

";est-ce que tu as faim est-ce que tu as soif ?
499;"
est-ce que tu as faim est-ce que tu as soif ?
rien du tout
";rien du tout ?
500;"
rien du tout ?
allez

";c'est le plus grand de votre famille Bruno ?
501;"
le le vrai

le vrai poisson de mer

à la piscine il en sort plus

mais aujourd'hui j'étais contente qu'on y aille pas parce qu'il arrive à être fatigué hein
tellement 
hein
";parce que vous les emmenez à la piscine de Fleury ?
502;"
Régis

mais il était là et vous l'avez pas vu dans le corridor

";il est pas venu vous dire au revoir ?
503;"
c'est le second

il a dit étant en classe avec Benoît moi j'ai dis à Benoît faut quand même que vous alliez le voir
ou quelque chose bon enfin
il savait pas trop puis finalement il lui ont écrit en disant écoute si tu veux nous voir euh l'après-midi tu as qu'à venir et puis au fond ils ont très bien fait

ils partaient en vacances

alors les vacances ça se passe à Orléans euh sa mère a été éjectée de la voiture à côté de lui
elle avait un bébé dans les bras qui n'a rien eu mais elle a été tuée sur le coup
le pneu qui a éclaté

";y a pas longtemps là ?
504;"
il y a dix jours

alors ce pauvre garçon vous savez là j'ai pas bien regardé comment il est habillé mais autrement il a toujours cravatte noire la veste bleue marine
le pantalon gris foncé les chaussures noires alors

en ce moment qu'il fait beau vous savez que les autres sont en polos ou je sais pas quoi il fait un effet et puis alors
Benoît il me dit de toute façon pendant la journée ça va il est là il on parle et puis tout à coup on hop l'image doit lui revenir devant lui alors que aussitôt euh
";il était dans la voiture aussi lui ?
505;"
à côté de sa mère il était

et alors quand ils ont fait plusieurs tonneaux puis là elle a voulu se retenir enfin je sais pas comment elle s'y est pris enfin
et puis alors euh ça a poussé la poignée de la porte

c'est une ancienne une vieille quatre cent trois
";et il est reparti Régis ?
506;"
je sais pas si ça tourne encore les bandes on soulèvera le le petit couvercle là
";ça tourne encore y en a encore ?
507;"
je sais pas si ça tourne encore les bandes on soulèvera le le petit couvercle là
";ça tourne ?
508;"
ça tourne encore y en a encore ?
ça tourne ?
";y en a encore ?
509;"
qui s'occupe euh de 
"; combien d'enfants ?
510;"
ben alors son père a soixante et onze ans il était c'est un dernier de famille qui doit être euh
";ah oui la la maman a une cinquantaine d'année hein ?
511;"
non écoutez elle a été entérrée à Bourges
je crois que c'était sur du côté de Bourges

parce que Benoît m'a dit justement 
euh il a rencontré un garçon de sa classe qui m'a dit Benoît m'a dit qu'il ne savait l'accident de 
enfin la mort de madame NPERS
alors je lui dis mon vieux c'était pas sur le journal aux obsèques
c'est dans les accidents quelqu'un qui regarde pas bien les accidents
";tu veux retourner ?
512;"
tu es venu me dire un petit bonjour
";tu serais pas bien aimable aujourd'hui ?
513;"
tu es venu me dire un petit bonjour
";qu'est-ce qu'y a qui va pas ?
514;"
ben j'avais envie de faire des trucs

";quoi comme trucs ?
515;"
en appelant ta mère je suis une dame épouvantable hein
";qu'est-ce que tu voulais faire ?
516;"
c'est pas très loin

"; salles des ventes ça ferme à quelle heure tard le soir ?
517;"
ben moi j'y allais régulièrement puis j'y vais plus du tout
";ici vous alliez ?
518;"
oui

";ben qu'est-que tu me fais toi ?
519;"
j'ai quelque chose de justement j'avais acheté 
 l'année dernière
"; ?
520;"

 tiens c'est que vous partez saluez madame NPERS puis vous pouvez repartir
";où est ce qu'il est JB ?
521;"
alors j'ai fait ça dans la buanderie et
euh là je vais finir à il faut absolument qu'avant notre déménagement elle soit
";dans votre appartement non ?
522;"
il est tous les samedis à 

";et puis j'ai acheté à vous n'êtes jamais allées à Clery ?
523;"
on lui a acheté euh un 


un autre fauteuil où on
mon fauteuil euh renaissance là euh qui a le haut dossier noir

ben c'est chez lui que je l'a- j'avais acheté 
 aussi

et puis je sais pas

je ne sais plus ce qu'on lui a acheté
et puis j'ai acheté à vous n'êtes jamais allées à Clery ?
";à à la fameuse grange ?
524;"
oh écoutez mais moi je prends les éch- je monte euh dans les
";ah bon ?
525;"
dans les dépendances je prends les échelles
";mais il est pas un petit peu chérot ?
526;"
à Meung oui
c'est ça d'accord
";comment voulez-vous qu'on trouve quelque chose ?
527;"
il avait une bergère Louis trei- Louis seize l'autre jour
";une ?
528;"
ah oui mais je il me dit toujours bonjour hein parce que je suis de ses clientes aussi mais quand même il a un petit euh
il a une certaine réticence depuis qu'il me voit régulièrement à la salle des ventes parce que je suis plus cliente depuis parce que en fait euh
ce que j'ai envie d'acheter je préfère l'acheter à la salle des ventes je vais le trouver moins cher hein

ça euh ça c'est sûr hein on peut toujours monter sur un brocanteur vous au- ou sur un antiquaire vous au- vous aurez toujours moins cher que chez lui hein

parce que certains hein j'aime autant vous dire qu'ils assoment ils vont du simple au double si c'est pas pire

enfin il y a celui de la rue Bannier là NPERS hein euh

le gros à barbe là oh je pe- Alain oh je peux pas le voir

qu'est-ce qu'il est cher
";rue Bannier ?
529;"
oui rue Bannier


 

";tapissier à côté de chez Nico alors ?
530;"
à côté de l'agence Bimbenet 

oh y a de jolies choses hein


";oui ça d'ailleurs comment on rentre ?
531;"
il y a 

et 
";à Olivet ?
532;"
à Olivet ?
";au fond d'un petit chemin ?
533;"
non moi c'est sur la droite il y a une maison enfin
";en bord de route ?
534;"
c'est pour ça cette table euh je l'ai laissée voyez puis maintenant j'ai plus de courage à la reprendre
"; les garçons il doit être en train de finir les étagères non ?
535;"
oh ben ça dépend c'est que Jean-Baptiste va être déçu encore
j'ai un de mes beaux-frères qui lui avait dit j'ai acheté une étagère
ça fait deux mois de ça

et puis
il me dit tu as qu'à lui acheter une étagère et puis je te la rembourse

bon d'accord
";eh ben alors ?
536;"
sixième

il fallait qu'il fasse ça le soir je disais les voisins 

";avant dix heures du soir ?
537;"
ça c'est épatant
";pourquoi c'est c'est c'était elles étaient elles ava- c'est de style Louis seize ?
538;"
il voulait être euh étant jeune il aurait bien été ébéniste il il a beaucoup travaillé le bois
mais enfin euh ses parents étaient pas très d'accord 

"; ça ça tourne encore ?
539;"
moi je dis bricolage quand je recolle les meubles que je les répare enfin de voilà c'est c'est pas
";demander votre mari ne bricole pas ?
540;"
pas une fois
";où vas-tu qu'est-ce que tu fais ? 
541;"
ah non non moi j'ai un mari qui n'aime pas ça
";qu'est-ce que tu veux que je m'amuse à faire ?
542;"
non on va les ressortir
et tu me diras si c'est toi en faisant la vis première
qui l'a fait de travers ou si c'est moi

je me laisse plus faire hein

";et les garçons ils sont bricoleurs dans la famille ?
543;"
oh oui

";alors c'est le départ bientôt ce soir ?
544;"
il a une réunion
";vous allez chez vos amis là du côté d'Amilly ?
545;"
entrez entrez


 ou ensemble 

";ah bon ?
546;"
oui bonjour
";ça va ?
547;"


il est bête

à raconter ça à tout le monde

"; pour ce soir ?
548;"



";au fait vous connaissez mon frère ? oui
549;"
au fait vous connaissez mon frère ? oui
";vous l'avez déjà vu je crois une fois hein ?
550;"


";c'est ça qu'on met sur la table ?
551;"
prends le non non 


";et si on ouvrait la fenêtre ?
552;"
oh oui
oui c'est vrai
";oui ce serait une bonne idée hein ?
553;"
ah oui mais peut-être pas oui le

";attendez c'est pas ça y en a une ?
554;"
oui ça va
";ça va comme ça ?
555;"
oui 

oui 

";euh je sais pas si vous avez ent- éc- vous avez écouté certaines de mes bandes ?
556;"
oui oui c'est

";qu'est-ce qu'il y a ?
557;"
ils ont jeté leur 
 dans la rue

";quoi ?
558;"
faut cuire à feu doux
";tu as vu c'est c'est là dans la pièce non ?
559;"
non non non c'est dans la pièce
oh non 



";qu'est-ce que c'est que ce truc ?
560;"
non non non c'est dans la pièce
oh non 



";c'est une casserole non ?
561;"
hm
";et la voiture ?
562;"
je vous laisse vous demander ce que c'est 


";qui est-ce qui a mis ça ? c'est le bonhomme en bas ?
563;"
je pense que ça se carbonise et puis ça doit brûler

";la cass- euh le plat ? le l'aluminium ?
564;"

 et moi bien entendu j'ai acheté du pain moi




";hein ?
565;"



";tu crois ?
566;"
oh ben
vous pouvez en manger quand même 



";vous prenez de la nourriture française ou anglaise quand vous êtes là ?
567;"
moitié moitié

et en Angleterre aussi 

";ah oui ?
568;"
ah bah c'est c'est du 

ouais

";comment ?
569;"
c'est Pierre
";tu sais Pierre a demandé hypocritement qu'est-ce que je pourrais faire ? 
570;"

 oui c'est 
 tu comprends
";ah bon ?
571;"

 oui c'est 
 tu comprends
";mais c'est au poids ou à la botte ?
572;"
c'est à la botte

"; pour Marie-France ?
573;"
j'en avais peut-être chez moi du pain
j'ai j'ai perdu


et demain il va se rhabiller
est-ce que tu 
 pour Marie-France ?
";ah oui ?
574;"


une majorité non


";si ?
575;"
c'est de la sauce anglaise d'ailleurs 

";vous voulez du vin ?
576;"
non

";finalement qu'est-ce que vous pensez de votre euh votre année en France ?
577;"
non

";c'est comme vous pensiez ou c'est intéressant en moyenne ou ?
578;"
dans des tranches d'âge euh avant dix-huit
et jusqu'à trente-cinq
";avant dix-huit ?
579;"
avant dix-huit et jusqu'à trente-cinq

";y a des cadres supérieurs avant dix-huit ?
580;"
mais non idiot c'est des ouvriers
";ah bon ? 
581;"
même pas
";non mais alors oui oui c'est-à-dire que vous en vous en cherchez un c'est vrai ?
582;"
vous l'auriez amené 

non mais alors oui oui c'est-à-dire que vous en vous en cherchez un c'est vrai ?


";c'est vrai vous en cherchez un médecin ?
583;"
et c'est euh il est d'origine espagnole hein lui 


il est rentré en France

";et il aime ?
584;"
et c'est euh il est d'origine espagnole hein lui 


il est rentré en France

";Orléans ?
585;"
et il aime ?
Orléans ?
";il est né en Espagne ?
586;"
non il a pas dit merci

";non il a pas dit merci ?
587;"
Juive
";euh qu'est-ce qu'on a encore ?
588;"
tu comprends 

";vous avez entendu parler des NPERS ?
589;"
vous avez entendu parler des NPERS ?

";des NPERS ?
590;"
la famille NPERS
";y a pas de grand professeur là-dedans ?
591;"
oui




";je crois non ?
592;"
non
";bah écoute qu'est-ce qu'il y a ?
593;"
mais enfin quand même nous voyons nous-mêmes que
peut-être les questionnaires sont trop longs 

";vous posez les mêmes questions à tout le monde ?
594;"
oh ça les intéresserait peut-être si si ils savaient pas qu'ils étaient enregistrés
mais ils sont un peu méfiants un peu

euh pour certains pour certaines questions

";hein ?
595;"
je me disais tout à l'heure vraiment euh c'est
"; ?
596;"
et
";sais-tu répondre à cette question Anne ?
597;"

 

";que pensez-vous du franglais ?
598;"
oui oui
";vous avez la livre en Angleterre ?
599;"
le plus hein
oui oui
";de quoi ?
600;"
enfin on change et
au point de vue vie on on 
 beaucoup quoi

";je sais pas même euh on y est allé je sais p- un jour ? 
601;"
peuvent venir à Orléans

";ah bon ?
602;"
parce qu'Orléans est déclarée ville ouverte avant Paris était Paris était ville ouverte 

maintenant elle ne l'est plus je crois ou y a quelque chose comme ça euh tout
tout doit être fermé à une heure du matin

";ah bon ?
603;"
des arrêtés municipaux pour pour avoir le droit d'ouvrir son café jusqu'à telle ou telle heure mais bon

";y a beaucoup de villes comme ça en France ? y a beaucoup 
604;"
y a beaucoup de villes comme ça en France ? y a beaucoup 
";y a beaucoup de villes ouvertes ?
605;"
hm hm

hm hm

";est-ce que vous pensez que le fait d'être anglais a facilité euh le contact avec les gens ou ?
606;"
hm hm

hm hm

";enfin bon pour certaines questions c'était plus facile mais en général ?
607;"
hm oui
";est-ce que euh vous étiez mieux acceptés ou ?
608;"
une fois

seulement

ou euh
";mieux ?
609;"
oui oui c'est j'ai trouvé ça très marrant 



"; non ?
610;"
oui c'est vrai c'est ce qu'il m'a dit et
c'était

c'était d'ailleurs pas faux finalement comme terme 

mais je pouvais pas lui dire 
 


il oserait plus revenir 


c'est pas très salé

";hm ?
611;"
merci




";tu avais salé ?
612;"


";parce que vous trouvez que c'est pas assez ?
613;"



";mais en fait je sais pas ce que contient le questionnaire mais comment les gens réagissent à un questionnaire d'une heure comme ça ?
614;"
euh nous avons enfin
parce qu'ils demandent euh


";ça va durer combien de temps ?
615;"
ça va mais
et 
";vous avez des questionnaires que vous que vous n'avez pas pu utiliser ? 
616;"
c'était une chez une famille où tout le monde parlait tout le monde oui


";à à cause du au point de vue technique simplement alors ?
617;"
du coup ils mettent de l'eau dessus parce que tout d'un coup je me suis dit que ça lui ferait du bien 


de pousser des cris au auscandale 

";tu en avais mis au début ?
618;"
ouais

"; un peu ?
619;"

 

fallait prendre un chiffon
";mais tu l'as retourné une fois quand même ?
620;"
ah non
";non ?
621;"
non ?
ah bon bah 
 




";vous revoulez un petit peu de ?
622;"
et puis d- de la glace à je sais plus 

OK 



";qu'est-ce qu'il y a ?
623;"
qu'est-ce qu'il y a ?

";tu reveux à boire ? 
624;"
si vous avez faim vous pouvez descendre 
 


"; finalement l'humour français hein ?
625;"
moi je trouve que ce restaurant il fait un peu Midi moi j'aime bien 
";oui ? c'est dommage ce soir y a pas de
626;"
y a pas de chants et de cris dans le coin
";c'est vrai y en a d'habitude ? 
627;"
oui ils chantent enfin
je sais pas je suis venue deux fois ces derniers temps dîner là hier soir et puis y a huit jours ou quinze jours


les gens chantaient c'est c'est très drôle




";encore une fois ?
628;"
dis donc nous je t'assure qu'on
";mais pourquoi ? parce que c'est les vacances alors il est pas rentré hier ?
629;"
et parce que on on a l'impression qu'on on vit dans une ambiance de de fou mais
plus que d'habitude alors c'est
";ah bon ?
630;"

 on était tous d'accord heureusement 





";et c'était décisif ?
631;"
dis pas ton avis 


";tu as mis du thym Annie ?
632;"
moi ça va merci

";Annie tu en veux ?
633;"
c'est sur mon samedi soir moi j'ai fait un petit extra
";tu sais que ton pâté est délicieux ?
634;"



hm

";mais c'est comme d'habitude ?
635;"
mais c'est comme d'habitude ?

";et c'est-à-dire ?
636;"
et c'est-à-dire ?
";c'est bon hein ?
637;"
jeudi

oh là là

tu commences tôt hein
moi j'ai j'ai des rendez-vous toutes les demi-heures alors 

j'ai peu de temps pour moi là vraiment

plus tou- tous les gens qui arrivent quand c'est pas prévu

";tu vas revoir madame NPERS cette semaine hein Annie ? 
638;"
c'est communicatif oui en plus vous savez dans dans un milieu psychiatrique


dès que la fatigue approche


ça 




là c'est à à celui qui sera la plus courageux 



cet après-midi j'ai tenté d'essayer de téléphoner dans le bureau de Maé
c'était un un un cirque épouvantable
impossible

j'ai éclaté de rire au moment où il fallait pas parce que 

 

affreux affreux mais vraiment impossible

";parce que ils étaient là ?
639;"
évidemment euh
l'histoire du gars qui va à la ville et puis qui n'a jamais vu un téléphone


";il dit comment veux-tu je parle moi si j'ai une main prise ?
640;"
oh oui doit toujours y avoir des choses scabreuses 

";il dit mais enfin qu'est-ce que vous faites maintenant ? 
641;"
oui et puis la dernière fois y a je sais pas 
 qui est qui est rentré
alors il se dit y avait la le casque la tête 


 y avait son truc qui était branché y avait le magnéto qui tournait alors
";de quoi ? de 
642;"
et ça 
 

";vous en revoulez ?
643;"
comme 


";mais est-ce que les bandes sont assez longues ? parce que moi j'ai pas l'impression que ça fasse dix minutes hein à chaque fois si ?
644;"
comme 


";si ça va c'est suffisant pour vous ?
645;"



ils n'ont jamais rien dit donc je suppose 

";mais qu'est-ce que vous étudiez sur ces bandes là eng- euh enregistrées au centre ?
646;"

 


 

";non c'est plutôt la forme ?
647;"
oui c'est plutôt la forme
";je crois que le contenu intéressait NPERS un peu non ?
648;"
c'est
";puis en plus c'est presque toujours la même chose hein ?
649;"
c'est hm c'est c'est

";oui les gens savaient qu'ils étaient enregi- qu'ils étaient enregistrés ?
650;"
oui les gens savaient qu'ils étaient enregi- qu'ils étaient enregistrés ?
ah oui oui oui je leur pose toujours la question


";mais comment vous étudiez la forme ? c'est c'est difficile quand même 
651;"
quand ils ont seize ans ils vont travailler alors y en a un qui a quinze ans et six mois quoi c'est-à-dire qu'il aura seize ans à Noël

et ben i- il redouble sa sa classe jusqu'à Noël
pour aller travailler après

c'est vraiment du temps perdu

";du prince Charles ?
652;"
oh
"; ça va pas ? 
653;"
oh
";qu'est-ce qui t'arrive ? 
654;"

 ça va pas ? 

 
qu'est-ce qui t'arrive ? 

 
";pourquoi moi ? 
655;"
pourquoi moi ? 


"; mais pourquoi pas ?
656;"

 mais pourquoi pas ?


";pourquoi ? tu crois que c'est plus 
657;"

 mais pourquoi pas ?


"; hein ?
658;"
mention très bien j'ai lu
";ah oui ?
659;"
ah oui ?
oh ben tu
";diplôme de je sais pas il était à Cambridge non ?
660;"
mention très bien il va faire son j'ai lu ça ce matin sur le
";France Dimanche Pierre ?
661;"
nous
";mais je savais pas bon alors pourquoi est-ce qu'ils conservent le roi la reine et tout ce système ? c'est bizarre quand même
662;"
bah elle est obligée de de d'être d'accord 
";bah on lui demande même peut-être même pas son avis au final si ?
663;"
ou euh quelquefois la Chambre des
lords

propose

à la reine

mais ça ça démarre dans la Chambre des communes ensuite ça passe à la chambre des lords

et ensuite à la souveraine si seulement la souveraine n'est pas d'accord
elle peut renvoyer 

";oui mais est-ce que c'est déjà arrivé ?
664;"
ou euh quelquefois la Chambre des
lords

propose

à la reine

mais ça ça démarre dans la Chambre des communes ensuite ça passe à la chambre des lords

et ensuite à la souveraine si seulement la souveraine n'est pas d'accord
elle peut renvoyer 

";mais c'est déjà arrivé ?
665;"
en s- en France on n'en a qu'un 


";quelle différence voyez-vous entre la reine et De Gaulle ? 
666;"
en s- en France on n'en a qu'un 


";quand même euh elle est plus jolie non ?
667;"
hein on manque pas d'humour en France malgré les apparences 
 


";est-ce que le gouvernement est quand même euh assez libéral ?
668;"
mais est-ce que en Angleterre parce que
on a des nouvelles euh comme ça mais enfin on entend parler du Premier ministre là pour les élections et tout ça mais
est-ce que le gouvernement est quand même euh assez libéral ?

";comment ?
669;"
comment ?
";euh libé- par exemple euh est-ce que les journaux d'oppositions sont interdits ?
670;"
oui mais enfin en France si tu poses la question on te dira que tous les journaux gauchistes sont

sont aussi en vente libre mais tu t'aperçois que le directeur de La Cause du peuple ou autre sont en prison enfin

";ils sont où ?
671;"
l'a conduit à la gendarmerie et il est en taule le gars
";qui ont été dissous quand en en soixante-neuf ?
672;"
non la gauche prolétarienne c'est dernièrement là
"; ? dernièrement ?
673;"
hm

"; ?
674;"
hm

";de quoi tu te plains ?
675;"
ce qui tendrait à dire que plus on monte
plus c'est
";plus on descend ?
676;"
oui puis enfin il était assez libéral aussi finalement 

";il avait pas tendu la main pour avoir la pièce ?
677;"
il est minuit au douzième coup de minuit faut que je sois rentré chez moi sinon 

";est-ce que vous connaissez le château de Chambord ?
678;"
y a très longtemps

";hein ?
679;"
hein ?

";non parce que est-ce que vous avez envie de de voir quelque chose dans la région alors ?
680;"
euh oui
"; qu'est-ce que vous voulez voir ? 
681;"
c'est ça

";d'où ça ?
682;"
oh on en a vus souvent
sauf euh
";ah bon ?
683;"
tu sais où où euh le les gardiens apportent la nourriture

";ah bon ?
684;"
oui c'est loin
";vous connaissez Bourges ?
685;"
nous non
";vous connaissez pas Bourges ?
686;"
vous connaissez pas Bourges ?

oh ça c'est la ville de mon coeur Bourges

";tu connais pas ?
687;"
mais la ville dont

dont Laetitia nous a parlé

"; elle a parlé de Bourges elle a parlé de Gien je crois non ?
688;"
ça vaut le coup ça quand même Sully
Saint-Benoît euh Sully


";c'est Gien qui était tout refait en briques euh ? oui
689;"
c'est Gien qui était tout refait en briques euh ? oui
c'est ça oui rouges
";Gien ?
690;"
hm hm
";tu fais quelque chose Anne dimanche ?
691;"
ben dimanche moi je dois retrouver les les autres avec qui je pars au Maroc et on va aller à 


 auberge de jeunesse
"; ?
692;"
oui
";ah bon ?
693;"
on a regardé ce qui était euh
";le plus près ?
694;"


c'est joli 
 comme petite oui
";ah bon ?
695;"
ah bon ?

";et toi tu vas à Paris Pierre ?
696;"
tout est à faire

";ah vous n'avez vu aucun château ?
697;"
en plus



";qu'est-ce qui fait partie du questionnaire ?
698;"
qu'est-ce qui fait partie du questionnaire ?

";si un étranger venait dans votre ville qu'est-ce que vous lui montrez ?
699;"
oui c'est ça oui
";et à Orléans même ? oh non y a rien
700;"
Jeanne d'Arc

";vous avez vu les fêtes de Jeanne d'Arc ?
701;"
le lendemain n'en parlons pas
";vous y étiez ou vous étiez euh ?
702;"


";hein ?
703;"
qu'est-ce qu'ils mais c'est pas croyable 

en plus cette année on la connaît la Jeanne 




";ah oui ?
704;"
c'est une bonne Orléanaise de bonne souche que nous connaissons euh
depuis quand même pas mal de temps puisqu'elle appartenait à une même équipe de gens enfin qui faisaient 

de l'animation et

alors nous sommes aussi un petit peu au courant de tous les petits dessous et
les petits trucs qui se passent enfin à propos alors là vraiment faut le faire hein

moi j'ai lu la lettre 

que Jeanne 

enfin 
 que Jeanne d'Arc

reçoit

pour avoir enfin
en lui demandant si elle accepte de d'être Jeanne d'Arc

ah ça ch- ch-
ah ça je vous assure qu'y a vraiment de quoi en rire hein

c'est ahurissant de bêtises

c'est

extraordinaire

en lui disant que c'est une grande charge et que ceci et que cela enfin bref tu vois enfin le laïus euh

";et il faut accepter enfin on peut refuser ?
705;"
oui oui oui

oh oui sûrement

et qu'il fallait en parler à son confesseur et ceci 

bon moi je veux bien 

mais enfin euh
d- dans l'esprit c'est c'est complètement ridicule complètement ridicule

";et qui c'est qui fait la lettre ? 
706;"
non elles ont elles ont repris euh
";en quarante non ?
707;"
avec le maréchal Foch

en quatorze en dix-huit du moins
";hm ah bon ?
708;"
c'étaient des dra- drapeaux peints
qu'on avait
";ah bon ?
709;"
c'était pas
ah bon ?
";ah bon ?
710;"
y a absolument parce que ça ça ça ne tient absolument pas rien ne tient dans cette fête

 c'est ça
";enfin pourquoi la moitié des gens défilent ?
711;"
quand même de pas mal de gens
";et mais oui mais qui est-ce qui défile ? 
712;"
ah je suis pas sûre
oh je sais pas
";quand est-ce que les Orléanais feraient leur ménage ?
713;"
je sais pas tu sais
la petite mère NPERS hein c'est son jour de gloire hein

";son sera le jour de ?
714;"
des trucs qui sont parus sur Jeanne d'Arc
hm hm 


";d'abord est-ce que c'était vrai ? est-ce que c'était pas vrai ?
715;"
des trucs qui sont parus sur Jeanne d'Arc
hm hm 


";est-ce qu'elle était sainte ? est-ce qu'elle était pas sainte ? est-ce qu'elle a vraiment
716;"
le sujet n'est pas aisé

y a tellement de questions à se poser
d'abord est-ce que c'était vrai ? est-ce que c'était pas vrai ?
est-ce qu'elle était sainte ? est-ce qu'elle était pas sainte ? est-ce qu'elle a vraiment

";est-ce qu'elle était femme ?
717;"
était-elle 
est-ce qu'elle était femme ?
";est-ce qu'elle était pas femme ? 
718;"
le boulevard et puis euh la rue euh je sais pas comment

";Bannier ?
719;"
non pas Bannier

";laquelle ? je sais pas
720;"
je pouvais pas traverser alors j'ai attendu que
Jeanne passe et puis toute euh
";et puis quand tu étais passé c'était pas fini ?
721;"

 c'était pas euh
personne ne vous a fait de remarque
"; ?
722;"

 ?
oh oui
"; ?
723;"
bon allez moi je me sauve

 quand même c'est pas sérieux tout ça

";mais tu reprends la voit- non Annie te ramène ou pas ? 
724;"
je peux rentrer à pied
";vous êtes en vélo ?
725;"
sinon je veux bien vous ramener mais on accroche les vélos derrière la voiture je sais pas comment

";tu as pas une galerie sur la voiture ?
726;"
sinon je veux bien vous ramener mais on accroche les vélos derrière la voiture je sais pas comment

";comment ?
727;"
je finis le geste



";bon alors que fait-on pour dimanche finalement ?
728;"
bon alors que fait-on pour dimanche finalement ?

";on ne on n'a pas de rendez-vous ?
729;"
bon alors que fait-on pour dimanche finalement ?

";gens non ça va ?
730;"



"; vers quelle heure euh ?
731;"

 vers quelle heure euh ?
";tout le dimanche finalement toi tu repars à Paris quand ?
732;"
ah tiens

";pourquoi sept heures et demie ?
733;"
une réunion à sept heures et demie samedi soir

";ah bon ?
734;"
oui mais je sais pas on part dans la matinée ou 
";après ?
735;"
hm on peut manger entre mi-

";hein ?
736;"
ça se complète finalement avec Chambord enfin

";vous connaissez Blois ?
737;"
Blois 



";quoi ?
738;"
l'église Saint-Nicolas
";à Blois ?
739;"
ouais

c'est tout près du château c'est

";hein ?
740;"
est-ce que vous avez vu ça c'est tout à fait dans une autre direction


";mais est-ce que vous avez vu euh Saint-Benoît ?
741;"
est tout à fait faisable en une journée hein

"; quelque chose hm le samedi demain soir ?
742;"
il faut que je descende toute le reste de mes affaires à Tours 

";tu vas à Tours ?
743;"
oui enfin on verra pour samedi on est là toute façon pour dimanche on peut faire Chambord et Cheverny

";vers onze heures euh vers onze heure et demie ?
744;"
oui

";c'est une réunion de quoi ?
745;"


à p- oui


";mais vous avez peut-être quelque chose de prévu samedi ?
746;"
la route d'Or-
de Blois
";de Blois ?
747;"



";tu es là toi ?
748;"
ouais s-
";de voir pour Saint-Benoît samedi soir si vous voulez y aller ?
749;"
oh oui
";est-ce que vous avez quelque chose ?
750;"
samedi soir
est-ce que vous avez quelque chose ?
";alors comment est-ce qu'on peut faire samedi soir ?
751;"


";faudrait y aller à quelle heure à partir de quelle heure tu es libre toi ?
752;"
hm

";à quelle heure tu penses ?
753;"
moi je peux je peux je peux
";il faut que tu sois là à sept heures et demie ?
754;"
en partant
";on sera revenu avant pourquoi ?
755;"
non moi quatre heures c'est pareil parce que j'ai donné rendez-vous à 

";à quelle heure ? alors donc à cinq heures tu aurais fini ?
756;"
ben oui

";donc on pourrait se retrouver ici à cinq heures ?
757;"
oui
";vous êtes euh à Orléans ou vous êtes euh ?
758;"
cinq heures ça fait 

ah bah oui on peut vous prendre chez vous aussi oui comme euh
";est-ce que vous êtes à Orléans ou est-ce que vous êtes à La Chapelle euh ?
759;"
ah ben oui
est-ce que vous êtes à Orléans ou est-ce que vous êtes à La Chapelle euh ?
";on sera rentré à La Chapelle ?
760;"
samedi matin on a

oh je sais pas

on sera rentré à La Chapelle ?
";tu crois que ça fait tôt cinq heures ?
761;"
samedi matin on a

oh je sais pas

on sera rentré à La Chapelle ?
";cinq heures et demie alors ?
762;"
tu crois que ça fait tôt cinq heures ?
oui oui
cinq heures et demie alors ?




";on sera à La Chapelle plutôt mais enfin euh c'est c'est dans votre direction hein Saint-Benoît non ?
763;"
oui oui d'accord
";hein ?
764;"
je sais pas mais en plus petit quoi mais c'est vraiment très très petit parce que finalement c'était un rendez-vous de chasse et c'est


";ah oui ?
765;"




";comment ça s'appelle ? en quatre
766;"




";demi-cercles comment ça s'appelle ?
767;"
il est là
";ah il est là ?
768;"


oui j'arrive
"; comme ça ?
769;"
allez
";tout le monde a a ses gobelet c'est bon ? euh qu'est-ce qu'il faut ?
770;"
hm

hm hm
";alors là euh qu'est-ce qu'il faut encore ?
771;"
euh
";on met quoi comme casserole Suzanne ?
772;"
on
on met quoi comme casserole Suzanne ?
";quelle casserole ?
773;"
euh
";il marche euh vraiment le truc ?
774;"
il marche euh vraiment le truc ?
tu peux oui


";tu viens ?
775;"
non mais moi je trouve que quand même euh je trouve que
allez viens 

";hein ?
776;"
ça ça c'est un peu mini là

hein ?
";qui ? moi ? mais non 
777;"
hein ah mais moi je veux pas non plus qu'elle les rallonge
";ah bon ?
778;"
hm

";en monokini ?
779;"
eh oui

";tu veux que maman elle t'aide ?
780;"
oui maman

";tiens hé Annie tu nous racontes l'histoire d'hier soir ?
781;"
oh dites donc
"; ?
782;"
vraiment vraiment cruelle
";et l'autre et l'autre c'est l'histoire de quoi ?
783;"
dans le train 

";qui donc qui vous a raconté ça ?
784;"

 enfin
";qu'est-ce que c'est que ça ? 
785;"
viens si tu veux 




";maman où il est mon verre ?
786;"
bon allez à table les enfants hein
";on fait une partie d'échecs ?
787;"
on fait une partie d'échecs ?
";cet après-midi ?
788;"
non je fais plus 

";maman le sel où il est ?
789;"
on a des courses à faire
dis ton père a donné l'adresse de Martine pour envoyer des fleurs

alors euh c'est rue Bourg Saint-Vincent

";c'est rue Bourg Saint-Vincent ?
790;"
tiens maman le sel

";bon beh Annie tu voudrais bien revenir après ? il est une heure
791;"
tiens maman le sel

";comment ?
792;"
bon beh Annie tu voudrais bien revenir après ? il est une heure
ils se fiancent ils se fiancent demain de toute façon
comment ?
demain
";ils se fiancent demain ?
793;"
oui pour les rendez-vous

dis on va l'arrêter puis on va écouter ce qui

";parce que il marche là ?
794;"


parce que il marche là ?
"; ? 
795;"

 avec les doigts

le jambon avec des doigts
"; ?
796;"
papa il voudrait bien une chose mais lui
";hé hé c'est quoi ça ?
797;"
il dit moi je veux bien qu'on m'enregistre mais il dit moi ce qui me ferait le plus plaisir c'est être c'est de faire un petit voyage en Angleterre
hé hé c'est quoi ça ?
";hein ?
798;"
oh
hein ?


d'abord tu sais pas parler anglais papa je sais pas comment tu te débrouillerais
ben 
 puis il oserait pas le dire mais quand même
";tu es sûre ?
799;"
hein papa oui
";tu aimerais aller en Angleterre ?
800;"


";tu aimerais aller en Angleterre ?
801;"
bien sûr qu'il aimerait
en Angleterre ou ailleurs moi je
";ou ailleurs c'est quoi ailleurs ?
802;"
on ira bien 
 en Angleterre
bon alors alors
";ou ailleurs c'est quoi ailleurs ?
803;"
tiens tu m'ouvres ça s'il te plaît
oui


";tu trouves pas ça idiot ?
804;"
tu trouves pas ça idiot ?
";toi ? le ga zon est fait pour la beauté des pour le regarder
805;"
tu trouves pas ça idiot ?
"; ?
806;"
ah bon

";et euh qu'est-ce que j'entends pas ?
807;"
tu as rien dit 

";mais dis avec quoi je vais le faire cuire ? avec le beurre ou le 
808;"
tu as rien dit 

"; ?
809;"
ça te dit merci bien bas hein
";avec quoi tu le prépares ?
810;"
moi 

oh bah tu tu 
";tu les as enregistrés papa ?
811;"
s'il te plaît à boire
tu les as enregistrés papa ?
";et alors ?
812;"
s'il te plaît à boire
tu les as enregistrés papa ?
";ce que ça peut faire Annie ? on est à table 
813;"
elle est de cinquante

 

";d'envergure ? 
814;"
d'envergure ? 


enfin ça l'a interloqué
";qu'est-ce que tu voulais dire toi ?
815;"
voilà moi je vois parait-il 


 ah bon bah alors blanc dans les blancs
";hein ?
816;"
il faut quelque chose de marrant


"; là ?
817;"
traînent
la mode traîne
parce que la 

";tu as vu l'orage ?
818;"
horrible hein

";tu crois pas qu'il faut quelque chose de marrant ?
819;"



 

"; ? 
820;"
vraiment moi je
";Suzanne tu en veux ?
821;"
non merci

";tu me donnes un petit peu maman ?
822;"
y aura la mode pour l'hiver et puis la mode pour l'été 

le court pour l'été le long pour l'hiver

";tu te rends compte ?
823;"


";hein ?
824;"
hein ?
";qu'est-ce que tu dis ?
825;"
hein ?
";hein ?
826;"
oh qu'ils sont bêtes 

";hein ils sont bêtes ?
827;"
il fait peur 

je veux cette femme je veux cette femme


";il est bébête hein ?
828;"

 à ce point-là
";ça existe ?
829;"
pénible quand elle s'y met
";moi ?
830;"
voilà
pour rire


bon je vais vous servir
ça peut 
 Annie
";tu comprends ?
831;"
non

";elle est pas amie à papa Annie ? tiens tu peux me mettre le pers-
832;"
non c'est pas mon parrain
c'est mon beau-f-

";c'est quoi ton beau-f- ?
833;"
tiens donne moi le 





";tu lui coupes ou tu veux que je te le coupe ?
834;"

 j'en veux pas de ça
";qu'est-ce qu'elle veut ? 
835;"
maman ceci maman cela
qu'est-ce qu'elle veut ? 



";ça va comme ça ?
836;"
ça va comme ça ?

";oh mais pourquoi ?
837;"
quand on l'a on ne on
";mais y en a beaucoup des soldes ? là à part à Paris
838;"
je y a plus de choses
";mais vous avez quand même le droit de les essayer non ? non mais parce que
839;"
oh monsieur NPERS vous avez une jolie veste
";c'est elles disent ça ?
840;"
non remarque c'est casse-pieds
ah oui
";non c'est vrai qu'elles font ça les filles ?
841;"
ah oui oui ah oui y en a une elle est très gentille 


hein
";oh une espèce de blonde un peu boulotte ?
842;"


remarque hé il a il a pas fait de cadeau hein
";elle ou lui ? 
843;"
elle ou lui ? 

";il l'a emmenée en Amérique pas sa femme ?
844;"
elle elle l'a emmené en Amérique oui il l'a emmenée en Amérique
il l'a emmenée en Amérique pas sa femme ?


";tu es sûr ?
845;"
ouais

";il l'a emmenée combien ? près d'un mois
846;"
elle elle est partie qu'un mois
oui
hein
elle elle est partie qu'un mois elle avait 

";ouais et alors ?
847;"
hm

";pourquoi des sauvages ?
848;"

 on parlait de chanteurs hein
de cinéma américain
est-ce que tu entends parler beaucoup de littérature
";de peinture de ? 
849;"
culture américaine 
non
";un film ?
850;"
mais figure-toi que dernièrement on a été voir un film américain
un film ?
il était bien
y a les 
 hybirdes


";hein ?
851;"
ah bon
";hein ?
852;"
hein ?
";mais qu'est-ce que je voulais dire  ?euh
853;"


";hein ?
854;"




";ah ?
855;"
mais tu vas 
elle est partie
";tu tu vas jouer un peu avec elle là ?
856;"
va jouer avec elle oh 

elle pleure elle pleure 
";non ?
857;"
non ?
";ah il est reparti au Texas alors ?
858;"
non Kansas

 en Kansas 


";hein non il est pas reparti ?
859;"
non ah bah non 
non pas 

";il est qu- quoi donc ? quoi donc ? je comprends pas
860;"
non ah bah non 
non pas 

";qu'est-ce qu'il est ?
861;"
à Orléans
à Orléans
";ah bon ?
862;"
il parle pas

 espagnol 

";ah bon ?
863;"
bah je sais pas 


"; d'où ici ?
864;"
à en prendre
";en acheter ?
865;"
on verra
";Paul est comme ça ?
866;"
non
";y en avait des comme ça ?
867;"
on va être dégoûté elle est peut-être c'est peut-être des sauvages mais elle elle a
enfin je sais pas
";de quoi ?
868;"
de quoi ?
";il l'a emmenée en vacances ?
869;"
c'est ça 



";il a combien d'enfants ?
870;"
on on voit l'exemple la femme parisienne mais elle a l'habitude de partager
";hein ?
871;"
femme blasée
hein ?
";euh elle a combien d'enfants ?
872;"
femme blasée
euh elle a combien d'enfants ?


";trois ?
873;"
femme blasée
euh elle a combien d'enfants ?


";deux trois ?
874;"
trois ?
deux trois ?
c'est ça
deux trois
";les femmes parisiennes sont mal aimées non ?
875;"
oui euh mais


";tiens tu as vu qui est là ? tu as vu qui est là ?
876;"
eh regarde là-bas là
";ah bon ?
877;"
hm
";quelle couleur elle est alors ? fauve ?
878;"
elle est très longue
";ouais euh c'est une autre robe ?
879;"
j'espère tiens voilà François
";François ?
880;"




";hein ?
881;"
et on va lui faire le
hé dis-lui rien pour le truc 
 on va le brancher sur
";on va lui faire le coup du père François ?
882;"
on va lui faire le coup du père François ?
";faut qu'il soit branché sur quoi ? non mais laisse-le
883;"



";et i- on le branche sur quoi ?
884;"
sur ses grosses 





";il est où maintenant ? 
885;"
sur ses grosses 





";il est couché non ?
886;"
ah non

";bah alors on joue plus avec les petites filles ?
887;"
tu tu te portes bien dis donc hein
oh
";tu te portes bien ?
888;"
tu te portes bien ?
";comment va ton père ?
889;"
tu te portes bien ?
";tu as pas honte ?
890;"
oh bah je vais t'en faire pareil
";comment tu vas Annie ? ça va ?
891;"


tu as vu il a pas voulu 

";salut François comment tu vas ?
892;"


tu as vu il a pas voulu 

";ça va ?
893;"
tu sais que le le transistor maintenant il marche je l'ai nettoyé

";vous l'avez ramené ?
894;"
il allait serrer la main à Papa

";ça va ?
895;"
hein 

alors François
ça va ?

 pour toi
";parce que ?
896;"
bah justement tu as
fait que mon devoir ouais
";moutarde c'est qui qui veut de la moutarde ? c'est qui qui veut de la moutarde ?
897;"
moutarde c'est qui qui veut de la moutarde ? c'est qui qui veut de la moutarde ?
petit petit petit petit


";alors qu'est-ce que tu racontes ?
898;"

 de la moutarde madame

 chut


"; tu veux un coup de rouge ?
899;"




";tu as pas emmené ?
900;"



 et tu vois tu vois tu vois


";ah ça te dérange pas ?
901;"
ah bah c'est ça 

non mais qu'est-ce que c'est que ce b- hé
ah bah oui hein 

ah oui 



ah ça te dérange pas ?
tu


";tu l'as tu l'as fait construire euh à l- à à l'étage ? 
902;"
tu vas les 
 tes 

mais 

";qu'est-ce qu'il a ? oh
903;"




";qu'est-ce qu'il y a ? j'ai pas entendu
904;"
les c'est les ces deux-là oh non
y en a une que
ouais 

";comment tu l'as appris ? 
905;"
quand il s'est couché y avait du rimmel sur l'oreiller
";qu'est-ce que c'est que ça ?
906;"
du rimmel non mais
";alors cambrioleur tu viens prendre mes filles ?
907;"
faut être civilisé ah
alors cambrioleur tu viens prendre mes filles ?


";et puis tu te plains après ?
908;"
bah dis donc hé 


 

";je lui dis mais qu'est-ce qui arrive ? 
909;"
ça me plaît pas qu'elle me dit
recommence




";je dis qu'est-ce qu'il y a qui te plaît pas ?
910;"
j'arrive dans la nuit
du vingt-deux au vingt-trois
";c'est-à-dire ? du dimanche ?
911;"
c'est-à-dire ? du dimanche ?
dimanche au lundi
"; ?
912;"
juillet 
 ou août 
 ?
du dimanche au lundi oui


";où ?
913;"
non du samedi au dimanche
"; ?
914;"



"; ?
915;"
problèmes
";oh parce que y a la belle-mère ?
916;"
des gros problèmes
oh parce que y a la belle-mère ?
";quoi ?
917;"


";qu'est-ce qui raconte ?
918;"
je pars le vingt-deux au soir
";au soir ?
919;"
nous on a dit
il a il a la
nous on a dit que finalement


";c'est à moi les prunes ?
920;"
oui

";alors tu te rends comptes tous les kilomètres qu'on va faire ?
921;"
oui

";oui ?
922;"

 oui mais
alors tu te rends comptes tous les kilomètres qu'on va faire ?
ou 
 on va se balader entre hommes on les laisse et puis euh
oui ?
";ah ça c'est bien hein ?
923;"
nous on part le vendredi soir nous hein

";où donc ?
924;"
là

alors euh et pour rentrer
on va pas ren- revenir ici 

en trimballant toutes nos affaires hein

"; mais toi tu pars quand toi ?
925;"
alors moi il faut que je sois le

le trente et un à 


trente trente et un
";trente et un au soir ou ?
926;"
de façon à rentrer le jeudi soir
de pouvoir vider les affaires
défaire les valises et les refaire le vendredi pour repartir le samedi

";y a pas moyen de rouler le dimanche ?
927;"
je tiens à ma liberté 

non mais mais quand même
";alors si j'ai bien compris c'est uniquement pour ta liberté ?
928;"
non mais sincèrement
ah oui
on disait ça avec 

alors si j'ai bien compris c'est uniquement pour ta liberté ?
";bah qu'est-ce tu veux ? bah
929;"
bah qu'est-ce tu veux ? bah
";hein ? 
930;"
donc on va aller du côté de Narbonne voilà ce qu'on a dit
quitte à te laisser
écoute toi tu 

";qu'est-ce que je vais foutre tout seul par là ?
931;"
qu'est-ce que je vais foutre tout seul par là ?
";tu veux pas camper tout seul ?
932;"
mais ce jour-là il faut que tu sois là ici
";à quelle heure ?
933;"

 c'est dans
";on roule toute la nuit le samedi ?
934;"
samedi et le dimanche


";toi tu pars quand ?
935;"
pour avoir le vendredi
voilà
";tu sais ce qu'on fait ?
936;"
oui ben c'est ça
";du café François ?
937;"
la femme est pas un accessoire si tu 
 qu'est-ce tu veux

 
";hein ?
938;"
bah tu veux pas en acheter un 

oui mais alors là euh
";hein ?
939;"
euh
";hein ?
940;"
ah mais non mais non mais ça va puisque
parce qu'après il on partage
";qui est-ce qui en veut ?
941;"
ah mais non mais non mais ça va puisque
parce qu'après il on partage
";tu en prends pas ?
942;"
c'est vrai hein
oh ben c'est ça
";alors on est d'accord comme ça ?
943;"
le mardi le mercredi jeudi on rentre le jeudi soir
hein lundi mardi mercredi 

";mais tu as ta tente toi ?
944;"
voilà
mais tu as ta tente toi ?
";tu as ta tu as une petite tente personnelle ?
945;"
oui

";et alors nous on tiendra dans la tente ?
946;"
pas pour vous tenir debout c'est pour avoir la position horizontale vous
";hein ?
947;"
plus le canoë

";hein vous prenez le canoë ?
948;"
hein vous prenez le canoë ?
";tu sais où il est ?
949;"

 oh mais accessoire
ça m'est le gosse allez


";hein ?
950;"
oui

";qu'est-ce tu veux ?
951;"
qu'est-ce tu veux ?
c'est le masculin l'éternel masculin
";hein Annie il te dégoûte aussi ?
952;"
on en trouve plutôt à Toulouse de votre genre


";ah notre genre ?
953;"
oh là là 



";c'est enregistré tout ça ?
954;"
je sais
c'est enregistré tout ça ?
";ben qu'est-ce ça peut foutre ?
955;"
oh non

";hein ?
956;"

 si 
 il marche aussi bien que le briquet ben dis donc
";non mais d'accord ?
957;"
une fois sur deux
alors moi moi j'amène le matériel de camping hein


";pour euh les lits de camp ?
958;"
y a quinze matelas pneumatiques à 


";quinze ?
959;"
oui
";hein ?
960;"
oui
";hein Pierre ?
961;"
maintenant qu'on a décidé pour les vacances
disons le programme de la journée
l'après-midi plutôt


";de de cet après-midi ?
962;"
oui
";alors alors vous voulez sortir ensemble ? entre femmes ?
963;"
alors alors vous voulez sortir ensemble ? entre femmes ?
attends attends attends attends


";y a euh est-ce que ça te dit on la laisse dormir ?
964;"
y a euh est-ce que ça te dit on la laisse dormir ?
";oh je crois bien qu'on va la laisser dor- papa est-ce que tu sors ?
965;"
non
";qu'est-ce que tu fais toi après-midi ? tu restes ici ?
966;"
je ne sais pas
";hein ?
967;"
mais on sera ici quand la petite sera réveillée
ah
on ira vous retrouver avec la les les gosses
ils nous emmènent en ville 

"; ?
968;"
avec Bénédicte
";que vous verrez avec quelle voiture ?
969;"
on revient ici 
 à cinq heures 
";hein ?
